{"cameraMode":{"drawMode":0,"name":"Shaded","section":"Shading Mode"},"sceneLighting":true,"audioPlay":false,"sceneViewState":{"m_AlwaysRefresh":false,"showFog":true,"showSkybox":true,"showFlares":true,"showImageEffects":true,"showParticleSystems":true,"showVisualEffectGraphs":true,"m_FxEnabled":true},"in2DMode":false,"pivot":{"x":0.5055264830589294,"y":-1.4624327421188355,"z":4.012313365936279},"rotation":{"x":0.13933928310871125,"y":-0.016032885760068895,"z":0.0022493686992675068,"w":0.9901316165924072},"size":8.783796310424805,"orthographic":false}