{"cameraMode":{"drawMode":0,"name":"Shaded","section":"Shading Mode"},"sceneLighting":true,"audioPlay":false,"sceneViewState":{"m_AlwaysRefresh":false,"showFog":true,"showSkybox":true,"showFlares":true,"showImageEffects":true,"showParticleSystems":true,"showVisualEffectGraphs":true,"m_FxEnabled":true},"in2DMode":false,"pivot":{"x":10.512612342834473,"y":3.802009344100952,"z":7.376150608062744},"rotation":{"x":-0.12800680100917817,"y":-0.5932450890541077,"z":0.09620005637407303,"w":-0.7889822125434876},"size":0.48243147134780886,"orthographic":false}